{"key":"website-create_brass_ingot","translation":"miapi.material.website-create_brass_ingot","icon":{"type":"item","item":"create:brass_ingot"},"fake_translation":"Brass ","groups":["metal"],"hardness":4,"density":5,"flexibility":6,"durability":320,"mining_speed":6,"mining_level":2,"color_palette":{"type":"grayscale_map","colors":{"0":"693515","36":"a55532","72":"b86a46","108":"a16d4f","144":"d39162","180":"ffcd68","216":"ffe4aa","252":"fefbc5","255":"fefbc5"},"filler":"interpolate"},"properties": {
  "tool": {
    "fake_enchant":{"minecraft:silk_touch":1}
  }
},"items":[{"item":"create:brass_ingot","value":1}]}