{"key":"website-create_zinc_ingot","translation":"miapi.material.website-create_zinc_ingot","icon":{"type":"item","item":"create:zinc_ingot"},"fake_translation":"Zinc ","groups":["metal"],"hardness":4,"density":2,"flexibility":3,"durability":520,"mining_speed":5,"mining_level":2,"color_palette":{"type":"grayscale_map","colors":{"0":"123d42","36":"235853","72":"a1c09f","108":"4d6f66","144":"a8e0d8","180":"a1c09f","216":"cfffdb","252":"ffffff","255":"ffffff"},"filler":"interpolate"},"items":[{"item":"create:zinc_ingot","value":1}]}